[{"model": "admin.logentry", "pk": 1, "fields": {"action_time": "2023-04-03T10:45:07.695Z", "user": 1, "content_type": 10, "object_id": "1", "object_repr": "LikePost object (1)", "action_flag": 1, "change_message": "[{\"added\": {}}]"}}, {"model": "admin.logentry", "pk": 2, "fields": {"action_time": "2023-04-03T10:56:56.792Z", "user": 1, "content_type": 10, "object_id": "1", "object_repr": "LikePost object (1)", "action_flag": 3, "change_message": ""}}, {"model": "admin.logentry", "pk": 3, "fields": {"action_time": "2023-04-03T11:29:54.718Z", "user": 1, "content_type": 10, "object_id": "7", "object_repr": "LikePost object (7)", "action_flag": 3, "change_message": ""}}, {"model": "admin.logentry", "pk": 4, "fields": {"action_time": "2023-05-15T15:56:37.220Z", "user": 1, "content_type": 13, "object_id": "16", "object_repr": "joe -  like -  J'aime le football -  2023-05-07 23:39:34.196844+00:00", "action_flag": 3, "change_message": ""}}, {"model": "admin.logentry", "pk": 5, "fields": {"action_time": "2023-05-15T15:56:37.224Z", "user": 1, "content_type": 13, "object_id": "15", "object_repr": "joe -  like -  Le commentaire avec ajax -  2023-05-07 23:39:26.932082+00:00", "action_flag": 3, "change_message": ""}}, {"model": "admin.logentry", "pk": 6, "fields": {"action_time": "2023-05-15T15:56:37.225Z", "user": 1, "content_type": 13, "object_id": "14", "object_repr": "joe -  unlike -  Le commentaire avec ajax -  2023-05-07 23:38:53.657590+00:00", "action_flag": 3, "change_message": ""}}, {"model": "admin.logentry", "pk": 7, "fields": {"action_time": "2023-05-15T15:56:37.226Z", "user": 1, "content_type": 13, "object_id": "13", "object_repr": "joe -  like -  Hello -  2023-05-07 23:38:37.766797+00:00", "action_flag": 3, "change_message": ""}}, {"model": "admin.logentry", "pk": 8, "fields": {"action_time": "2023-05-15T15:56:37.227Z", "user": 1, "content_type": 13, "object_id": "12", "object_repr": "joe -  like -  Yes websocket -  2023-05-07 23:38:07.193691+00:00", "action_flag": 3, "change_message": ""}}, {"model": "admin.logentry", "pk": 9, "fields": {"action_time": "2023-05-15T15:56:37.227Z", "user": 1, "content_type": 13, "object_id": "11", "object_repr": "joe -  like -  Comment with notification -  2023-05-07 23:37:55.768629+00:00", "action_flag": 3, "change_message": ""}}, {"model": "admin.logentry", "pk": 10, "fields": {"action_time": "2023-05-15T15:56:37.228Z", "user": 1, "content_type": 13, "object_id": "10", "object_repr": "joe -  unlike -  Yes mon type -  2023-05-07 23:35:47.932264+00:00", "action_flag": 3, "change_message": ""}}, {"model": "admin.logentry", "pk": 11, "fields": {"action_time": "2023-05-15T15:56:37.229Z", "user": 1, "content_type": 13, "object_id": "9", "object_repr": "joe -  comment -  Hell -  2023-05-07 23:33:12.176693+00:00", "action_flag": 3, "change_message": ""}}, {"model": "admin.logentry", "pk": 12, "fields": {"action_time": "2023-05-15T15:56:37.230Z", "user": 1, "content_type": 13, "object_id": "8", "object_repr": "joe -  unlike -  My first comment -  2023-05-07 23:32:58.710449+00:00", "action_flag": 3, "change_message": ""}}, {"model": "admin.logentry", "pk": 13, "fields": {"action_time": "2023-05-15T15:56:37.231Z", "user": 1, "content_type": 13, "object_id": "7", "object_repr": "joe -  unlike -  J'aime le football -  2023-05-07 23:32:11.069221+00:00", "action_flag": 3, "change_message": ""}}, {"model": "admin.logentry", "pk": 14, "fields": {"action_time": "2023-05-15T15:56:37.232Z", "user": 1, "content_type": 13, "object_id": "6", "object_repr": "joe -  like -  J'aime le football -  2023-05-07 23:30:47.127615+00:00", "action_flag": 3, "change_message": ""}}, {"model": "admin.logentry", "pk": 15, "fields": {"action_time": "2023-05-15T15:56:37.233Z", "user": 1, "content_type": 13, "object_id": "5", "object_repr": "joe -  unlike -  J'aime le football -  2023-05-07 23:30:30.213096+00:00", "action_flag": 3, "change_message": ""}}, {"model": "admin.logentry", "pk": 16, "fields": {"action_time": "2023-05-15T15:56:37.234Z", "user": 1, "content_type": 13, "object_id": "4", "object_repr": "joe -  like -  J'aime le football -  2023-05-07 23:30:00.669137+00:00", "action_flag": 3, "change_message": ""}}, {"model": "admin.logentry", "pk": 17, "fields": {"action_time": "2023-05-15T15:56:37.234Z", "user": 1, "content_type": 13, "object_id": "3", "object_repr": "joe -  comment -  Comment with notification -  2023-05-02 16:03:39.749979+00:00", "action_flag": 3, "change_message": ""}}, {"model": "admin.logentry", "pk": 18, "fields": {"action_time": "2023-05-15T15:56:37.235Z", "user": 1, "content_type": 13, "object_id": "2", "object_repr": "joe -  like -  Le commentaire avec ajax -  2023-05-02 16:03:19.850447+00:00", "action_flag": 3, "change_message": ""}}, {"model": "admin.logentry", "pk": 19, "fields": {"action_time": "2023-05-15T15:56:37.236Z", "user": 1, "content_type": 13, "object_id": "1", "object_repr": "joe -  unlike -  J'aime le football -  2023-05-02 15:59:05.342809+00:00", "action_flag": 3, "change_message": ""}}, {"model": "admin.logentry", "pk": 20, "fields": {"action_time": "2023-05-15T16:04:37.121Z", "user": 1, "content_type": 13, "object_id": "19", "object_repr": "joe -  like -  Le commentaire avec ajax -  2023-05-15 15:59:05.064261+00:00", "action_flag": 3, "change_message": ""}}, {"model": "admin.logentry", "pk": 21, "fields": {"action_time": "2023-05-15T16:04:37.125Z", "user": 1, "content_type": 13, "object_id": "18", "object_repr": "joe -  like -  J'aime le football -  2023-05-15 15:58:58.239438+00:00", "action_flag": 3, "change_message": ""}}, {"model": "admin.logentry", "pk": 22, "fields": {"action_time": "2023-05-15T16:04:37.127Z", "user": 1, "content_type": 13, "object_id": "17", "object_repr": "joe -  unlike -  J'aime le football -  2023-05-15 15:56:45.241679+00:00", "action_flag": 3, "change_message": ""}}, {"model": "admin.logentry", "pk": 23, "fields": {"action_time": "2023-05-15T16:06:07.290Z", "user": 1, "content_type": 13, "object_id": "36", "object_repr": "joe -  unlike -  My first comment -  2023-05-15 16:05:40.307390+00:00", "action_flag": 3, "change_message": ""}}, {"model": "admin.logentry", "pk": 24, "fields": {"action_time": "2023-05-15T16:06:07.292Z", "user": 1, "content_type": 13, "object_id": "35", "object_repr": "joe -  like -  Le commentaire avec ajax -  2023-05-15 16:05:30.216860+00:00", "action_flag": 3, "change_message": ""}}, {"model": "admin.logentry", "pk": 25, "fields": {"action_time": "2023-05-15T16:06:07.293Z", "user": 1, "content_type": 13, "object_id": "34", "object_repr": "joe -  unlike -  Le commentaire avec ajax -  2023-05-15 16:05:29.709528+00:00", "action_flag": 3, "change_message": ""}}, {"model": "admin.logentry", "pk": 26, "fields": {"action_time": "2023-05-15T16:06:07.294Z", "user": 1, "content_type": 13, "object_id": "33", "object_repr": "joe -  like -  Le commentaire avec ajax -  2023-05-15 16:05:28.971670+00:00", "action_flag": 3, "change_message": ""}}, {"model": "admin.logentry", "pk": 27, "fields": {"action_time": "2023-05-15T16:06:07.295Z", "user": 1, "content_type": 13, "object_id": "32", "object_repr": "joe -  like -  My last comment is good -  2023-05-15 16:05:27.072262+00:00", "action_flag": 3, "change_message": ""}}, {"model": "admin.logentry", "pk": 28, "fields": {"action_time": "2023-05-15T16:06:07.296Z", "user": 1, "content_type": 13, "object_id": "31", "object_repr": "joe -  like -  My first comment -  2023-05-15 16:05:26.410192+00:00", "action_flag": 3, "change_message": ""}}, {"model": "admin.logentry", "pk": 29, "fields": {"action_time": "2023-05-15T16:06:07.297Z", "user": 1, "content_type": 13, "object_id": "30", "object_repr": "joe -  unlike -  My last comment is good -  2023-05-15 16:05:25.715257+00:00", "action_flag": 3, "change_message": ""}}, {"model": "admin.logentry", "pk": 30, "fields": {"action_time": "2023-05-15T16:06:07.298Z", "user": 1, "content_type": 13, "object_id": "29", "object_repr": "joe -  unlike -  Le commentaire avec ajax -  2023-05-15 16:05:24.901931+00:00", "action_flag": 3, "change_message": ""}}, {"model": "admin.logentry", "pk": 31, "fields": {"action_time": "2023-05-15T16:06:07.299Z", "user": 1, "content_type": 13, "object_id": "28", "object_repr": "joe -  unlike -  Le commentaire avec ajax -  2023-05-15 16:05:23.948218+00:00", "action_flag": 3, "change_message": ""}}, {"model": "admin.logentry", "pk": 32, "fields": {"action_time": "2023-05-15T16:06:07.300Z", "user": 1, "content_type": 13, "object_id": "27", "object_repr": "joe -  like -  My last comment is good -  2023-05-15 16:05:22.784355+00:00", "action_flag": 3, "change_message": ""}}, {"model": "admin.logentry", "pk": 33, "fields": {"action_time": "2023-05-15T16:06:07.301Z", "user": 1, "content_type": 13, "object_id": "26", "object_repr": "joe -  unlike -  My last comment is good -  2023-05-15 16:05:20.234551+00:00", "action_flag": 3, "change_message": ""}}, {"model": "admin.logentry", "pk": 34, "fields": {"action_time": "2023-05-15T16:06:07.302Z", "user": 1, "content_type": 13, "object_id": "25", "object_repr": "joe -  unlike -  My first comment -  2023-05-15 16:05:09.525913+00:00", "action_flag": 3, "change_message": ""}}, {"model": "admin.logentry", "pk": 35, "fields": {"action_time": "2023-05-15T16:06:07.303Z", "user": 1, "content_type": 13, "object_id": "24", "object_repr": "joe -  like -  My first comment -  2023-05-15 16:05:04.152848+00:00", "action_flag": 3, "change_message": ""}}, {"model": "admin.logentry", "pk": 36, "fields": {"action_time": "2023-05-15T16:06:07.304Z", "user": 1, "content_type": 13, "object_id": "23", "object_repr": "joe -  like -  Le commentaire avec ajax -  2023-05-15 16:04:57.546768+00:00", "action_flag": 3, "change_message": ""}}, {"model": "admin.logentry", "pk": 37, "fields": {"action_time": "2023-05-15T16:06:07.305Z", "user": 1, "content_type": 13, "object_id": "22", "object_repr": "joe -  unlike -  J'aime le football -  2023-05-15 16:04:55.387404+00:00", "action_flag": 3, "change_message": ""}}, {"model": "admin.logentry", "pk": 38, "fields": {"action_time": "2023-05-15T16:06:07.306Z", "user": 1, "content_type": 13, "object_id": "21", "object_repr": "joe -  like -  J'aime le football -  2023-05-15 16:04:50.303689+00:00", "action_flag": 3, "change_message": ""}}, {"model": "admin.logentry", "pk": 39, "fields": {"action_time": "2023-05-15T16:06:07.307Z", "user": 1, "content_type": 13, "object_id": "20", "object_repr": "joe -  unlike -  J'aime le football -  2023-05-15 16:04:42.756309+00:00", "action_flag": 3, "change_message": ""}}, {"model": "auth.permission", "pk": 1, "fields": {"name": "Can add log entry", "content_type": 1, "codename": "add_logentry"}}, {"model": "auth.permission", "pk": 2, "fields": {"name": "Can change log entry", "content_type": 1, "codename": "change_logentry"}}, {"model": "auth.permission", "pk": 3, "fields": {"name": "Can delete log entry", "content_type": 1, "codename": "delete_logentry"}}, {"model": "auth.permission", "pk": 4, "fields": {"name": "Can view log entry", "content_type": 1, "codename": "view_logentry"}}, {"model": "auth.permission", "pk": 5, "fields": {"name": "Can add permission", "content_type": 2, "codename": "add_permission"}}, {"model": "auth.permission", "pk": 6, "fields": {"name": "Can change permission", "content_type": 2, "codename": "change_permission"}}, {"model": "auth.permission", "pk": 7, "fields": {"name": "Can delete permission", "content_type": 2, "codename": "delete_permission"}}, {"model": "auth.permission", "pk": 8, "fields": {"name": "Can view permission", "content_type": 2, "codename": "view_permission"}}, {"model": "auth.permission", "pk": 9, "fields": {"name": "Can add group", "content_type": 3, "codename": "add_group"}}, {"model": "auth.permission", "pk": 10, "fields": {"name": "Can change group", "content_type": 3, "codename": "change_group"}}, {"model": "auth.permission", "pk": 11, "fields": {"name": "Can delete group", "content_type": 3, "codename": "delete_group"}}, {"model": "auth.permission", "pk": 12, "fields": {"name": "Can view group", "content_type": 3, "codename": "view_group"}}, {"model": "auth.permission", "pk": 13, "fields": {"name": "Can add user", "content_type": 4, "codename": "add_user"}}, {"model": "auth.permission", "pk": 14, "fields": {"name": "Can change user", "content_type": 4, "codename": "change_user"}}, {"model": "auth.permission", "pk": 15, "fields": {"name": "Can delete user", "content_type": 4, "codename": "delete_user"}}, {"model": "auth.permission", "pk": 16, "fields": {"name": "Can view user", "content_type": 4, "codename": "view_user"}}, {"model": "auth.permission", "pk": 17, "fields": {"name": "Can add content type", "content_type": 5, "codename": "add_contenttype"}}, {"model": "auth.permission", "pk": 18, "fields": {"name": "Can change content type", "content_type": 5, "codename": "change_contenttype"}}, {"model": "auth.permission", "pk": 19, "fields": {"name": "Can delete content type", "content_type": 5, "codename": "delete_contenttype"}}, {"model": "auth.permission", "pk": 20, "fields": {"name": "Can view content type", "content_type": 5, "codename": "view_contenttype"}}, {"model": "auth.permission", "pk": 21, "fields": {"name": "Can add session", "content_type": 6, "codename": "add_session"}}, {"model": "auth.permission", "pk": 22, "fields": {"name": "Can change session", "content_type": 6, "codename": "change_session"}}, {"model": "auth.permission", "pk": 23, "fields": {"name": "Can delete session", "content_type": 6, "codename": "delete_session"}}, {"model": "auth.permission", "pk": 24, "fields": {"name": "Can view session", "content_type": 6, "codename": "view_session"}}, {"model": "auth.permission", "pk": 25, "fields": {"name": "Can add post", "content_type": 7, "codename": "add_post"}}, {"model": "auth.permission", "pk": 26, "fields": {"name": "Can change post", "content_type": 7, "codename": "change_post"}}, {"model": "auth.permission", "pk": 27, "fields": {"name": "Can delete post", "content_type": 7, "codename": "delete_post"}}, {"model": "auth.permission", "pk": 28, "fields": {"name": "Can view post", "content_type": 7, "codename": "view_post"}}, {"model": "auth.permission", "pk": 29, "fields": {"name": "Can add media", "content_type": 8, "codename": "add_media"}}, {"model": "auth.permission", "pk": 30, "fields": {"name": "Can change media", "content_type": 8, "codename": "change_media"}}, {"model": "auth.permission", "pk": 31, "fields": {"name": "Can delete media", "content_type": 8, "codename": "delete_media"}}, {"model": "auth.permission", "pk": 32, "fields": {"name": "Can view media", "content_type": 8, "codename": "view_media"}}, {"model": "auth.permission", "pk": 33, "fields": {"name": "Can add comment", "content_type": 9, "codename": "add_comment"}}, {"model": "auth.permission", "pk": 34, "fields": {"name": "Can change comment", "content_type": 9, "codename": "change_comment"}}, {"model": "auth.permission", "pk": 35, "fields": {"name": "Can delete comment", "content_type": 9, "codename": "delete_comment"}}, {"model": "auth.permission", "pk": 36, "fields": {"name": "Can view comment", "content_type": 9, "codename": "view_comment"}}, {"model": "auth.permission", "pk": 37, "fields": {"name": "Can add like post", "content_type": 10, "codename": "add_likepost"}}, {"model": "auth.permission", "pk": 38, "fields": {"name": "Can change like post", "content_type": 10, "codename": "change_likepost"}}, {"model": "auth.permission", "pk": 39, "fields": {"name": "Can delete like post", "content_type": 10, "codename": "delete_likepost"}}, {"model": "auth.permission", "pk": 40, "fields": {"name": "Can view like post", "content_type": 10, "codename": "view_likepost"}}, {"model": "auth.permission", "pk": 41, "fields": {"name": "Can add like comment", "content_type": 11, "codename": "add_likecomment"}}, {"model": "auth.permission", "pk": 42, "fields": {"name": "Can change like comment", "content_type": 11, "codename": "change_likecomment"}}, {"model": "auth.permission", "pk": 43, "fields": {"name": "Can delete like comment", "content_type": 11, "codename": "delete_likecomment"}}, {"model": "auth.permission", "pk": 44, "fields": {"name": "Can view like comment", "content_type": 11, "codename": "view_likecomment"}}, {"model": "auth.permission", "pk": 45, "fields": {"name": "Can add follow", "content_type": 12, "codename": "add_follow"}}, {"model": "auth.permission", "pk": 46, "fields": {"name": "Can change follow", "content_type": 12, "codename": "change_follow"}}, {"model": "auth.permission", "pk": 47, "fields": {"name": "Can delete follow", "content_type": 12, "codename": "delete_follow"}}, {"model": "auth.permission", "pk": 48, "fields": {"name": "Can view follow", "content_type": 12, "codename": "view_follow"}}, {"model": "auth.permission", "pk": 49, "fields": {"name": "Can add notifaication", "content_type": 13, "codename": "add_notifaication"}}, {"model": "auth.permission", "pk": 50, "fields": {"name": "Can change notifaication", "content_type": 13, "codename": "change_notifaication"}}, {"model": "auth.permission", "pk": 51, "fields": {"name": "Can delete notifaication", "content_type": 13, "codename": "delete_notifaication"}}, {"model": "auth.permission", "pk": 52, "fields": {"name": "Can view notifaication", "content_type": 13, "codename": "view_notifaication"}}, {"model": "auth.permission", "pk": 53, "fields": {"name": "Can add notification", "content_type": 13, "codename": "add_notification"}}, {"model": "auth.permission", "pk": 54, "fields": {"name": "Can change notification", "content_type": 13, "codename": "change_notification"}}, {"model": "auth.permission", "pk": 55, "fields": {"name": "Can delete notification", "content_type": 13, "codename": "delete_notification"}}, {"model": "auth.permission", "pk": 56, "fields": {"name": "Can view notification", "content_type": 13, "codename": "view_notification"}}, {"model": "auth.user", "pk": 1, "fields": {"password": "pbkdf2_sha256$390000$xR5ngrOvRNi9ZWykzSBODv$IPpfKpDmK5FVrviozxud74dePeNpkqH704mcELV1KsA=", "last_login": "2023-06-19T23:26:52.065Z", "is_superuser": true, "username": "joe", "first_name": "", "last_name": "", "email": "joe@gmail.com", "is_staff": true, "is_active": true, "date_joined": "2023-03-12T10:59:21.470Z", "groups": [], "user_permissions": []}}, {"model": "auth.user", "pk": 2, "fields": {"password": "pbkdf2_sha256$390000$wvq0tXz4eI1CFIW9yEZ3tV$2gMj/F319CGaAAhPphQid7Jwf+ALP7G40wwMx7Gi1Ww=", "last_login": "2023-05-15T16:06:46.733Z", "is_superuser": true, "username": "joe1", "first_name": "", "last_name": "", "email": "joe1@g.com", "is_staff": true, "is_active": true, "date_joined": "2023-05-15T16:06:36.955Z", "groups": [], "user_permissions": []}}, {"model": "contenttypes.contenttype", "pk": 1, "fields": {"app_label": "admin", "model": "logentry"}}, {"model": "contenttypes.contenttype", "pk": 2, "fields": {"app_label": "auth", "model": "permission"}}, {"model": "contenttypes.contenttype", "pk": 3, "fields": {"app_label": "auth", "model": "group"}}, {"model": "contenttypes.contenttype", "pk": 4, "fields": {"app_label": "auth", "model": "user"}}, {"model": "contenttypes.contenttype", "pk": 5, "fields": {"app_label": "contenttypes", "model": "contenttype"}}, {"model": "contenttypes.contenttype", "pk": 6, "fields": {"app_label": "sessions", "model": "session"}}, {"model": "contenttypes.contenttype", "pk": 7, "fields": {"app_label": "apps", "model": "post"}}, {"model": "contenttypes.contenttype", "pk": 8, "fields": {"app_label": "apps", "model": "media"}}, {"model": "contenttypes.contenttype", "pk": 9, "fields": {"app_label": "apps", "model": "comment"}}, {"model": "contenttypes.contenttype", "pk": 10, "fields": {"app_label": "apps", "model": "likepost"}}, {"model": "contenttypes.contenttype", "pk": 11, "fields": {"app_label": "apps", "model": "likecomment"}}, {"model": "contenttypes.contenttype", "pk": 12, "fields": {"app_label": "apps", "model": "follow"}}, {"model": "contenttypes.contenttype", "pk": 13, "fields": {"app_label": "apps", "model": "notification"}}, {"model": "sessions.session", "pk": "10c41wznelkwebknrlgubdnvijjufzh9", "fields": {"session_data": ".eJxVjDsOwyAQRO9CHSHAi2FTpvcZ0PILTiKQjF1FuXtsyUVSTDPvzbyZo20tbutpcXNkVybZ5bfzFJ6pHiA-qN4bD62uy-z5ofCTdj61mF630_07KNTLvrYDokGJMmbUo7RCQLDDYACMR4AIRBnA6j1eC40ZozLK5BE8epUM-3wBm_g2VA:1plqGK:FkE0CMY39pRl9b5fAUoxKCXl5FDkxdE2i3DrKKasMIA", "expire_date": "2023-04-24T12:04:44.515Z"}}, {"model": "sessions.session", "pk": "4yao4uq45ued6f5kyatqfodcya4bei9h", "fields": {"session_data": ".eJxVjDsOwjAQBe_iGll4_Ysp6XMGa73r4ACypTipEHeHSCmgfTPzXiLitpa49bzEmcVFgDj9bgnpkesO-I711iS1ui5zkrsiD9rl2Dg_r4f7d1Cwl2_th4mdTgTJWlIMoEgNjA5CMqAweQqOs7E6eGfYKxsyWgp6sueQiVm8P-R5OA4:1pyaik:5AHwEO8aYjeG8Xb9B-bCE3RJU2OI9PCfB70fkFnHGMA", "expire_date": "2023-05-29T16:06:46.736Z"}}, {"model": "sessions.session", "pk": "5dj674bntxmdv2avf4q5dgfxyn7xsmn9", "fields": {"session_data": ".eJxVjDsOwyAQRO9CHSHAi2FTpvcZ0PILTiKQjF1FuXtsyUVSTDPvzbyZo20tbutpcXNkVybZ5bfzFJ6pHiA-qN4bD62uy-z5ofCTdj61mF630_07KNTLvrYDokGJMmbUo7RCQLDDYACMR4AIRBnA6j1eC40ZozLK5BE8epUM-3wBm_g2VA:1q8dWm:PkGZ6pW9WfxWddRaECLm2lGlmyLUv4Avo9t193q8-7I", "expire_date": "2023-06-26T09:07:56.094Z"}}, {"model": "sessions.session", "pk": "5qyena9d87wp28yhkoqnl235rd95qkb1", "fields": {"session_data": ".eJxVjDsOwyAQRO9CHSHAi2FTpvcZ0PILTiKQjF1FuXtsyUVSTDPvzbyZo20tbutpcXNkVybZ5bfzFJ6pHiA-qN4bD62uy-z5ofCTdj61mF630_07KNTLvrYDokGJMmbUo7RCQLDDYACMR4AIRBnA6j1eC40ZozLK5BE8epUM-3wBm_g2VA:1pvmxv:kOmUMReBIFkQoV3EcA0BSHAFFPeIQBToTxh2-GRMoY8", "expire_date": "2023-05-21T22:34:51.573Z"}}, {"model": "sessions.session", "pk": "5ysplmqla2l4i40euv4upfc6t4pxm2pc", "fields": {"session_data": ".eJxVjDsOwyAQRO9CHSHAi2FTpvcZ0PILTiKQjF1FuXtsyUVSTDPvzbyZo20tbutpcXNkVybZ5bfzFJ6pHiA-qN4bD62uy-z5ofCTdj61mF630_07KNTLvrYDokGJMmbUo7RCQLDDYACMR4AIRBnA6j1eC40ZozLK5BE8epUM-3wBm_g2VA:1pbJk0:cbN3beMfIdqamV9H1WQxVqeCYXlVf8pjcGqjHTD6nds", "expire_date": "2023-03-26T11:19:52.812Z"}}, {"model": "sessions.session", "pk": "69ebvau4lpcs4n59s4ynl7bkdxr131a9", "fields": {"session_data": ".eJxVjDsOwyAQRO9CHSHAi2FTpvcZ0PILTiKQjF1FuXtsyUVSTDPvzbyZo20tbutpcXNkVybZ5bfzFJ6pHiA-qN4bD62uy-z5ofCTdj61mF630_07KNTLvrYDokGJMmbUo7RCQLDDYACMR4AIRBnA6j1eC40ZozLK5BE8epUM-3wBm_g2VA:1porTx:iM2Chqqa9sXOrDkspMwNHDgYuzNnaGgD-tT9x2DlACw", "expire_date": "2023-05-02T19:59:17.302Z"}}, {"model": "sessions.session", "pk": "84qisy5pleri8bkr0ffi9mlw17614lyl", "fields": {"session_data": ".eJxVjDsOwyAQRO9CHSHAi2FTpvcZ0PILTiKQjF1FuXtsyUVSTDPvzbyZo20tbutpcXNkVybZ5bfzFJ6pHiA-qN4bD62uy-z5ofCTdj61mF630_07KNTLvrYDokGJMmbUo7RCQLDDYACMR4AIRBnA6j1eC40ZozLK5BE8epUM-3wBm_g2VA:1pik3m:tjYR4396euWglQ-Toh8Lpx5eAJGe8s-z5PaDtJz1_SU", "expire_date": "2023-04-15T22:50:58.180Z"}}, {"model": "sessions.session", "pk": "8acsfd88le33ewt0xau2nj5re74xjzko", "fields": {"session_data": ".eJxVjDsOwyAQRO9CHSHAi2FTpvcZ0PILTiKQjF1FuXtsyUVSTDPvzbyZo20tbutpcXNkVybZ5bfzFJ6pHiA-qN4bD62uy-z5ofCTdj61mF630_07KNTLvrYDokGJMmbUo7RCQLDDYACMR4AIRBnA6j1eC40ZozLK5BE8epUM-3wBm_g2VA:1qBOGq:PQXkWj8nsRcw4zDC1e3nTevAOQWokZmOHmVVA6-GiJ8", "expire_date": "2023-07-03T23:26:52.066Z"}}, {"model": "sessions.session", "pk": "lvchmbu87c2akq3h2jjp0zrdtg66w1kk", "fields": {"session_data": ".eJxVjDsOwyAQRO9CHSHAi2FTpvcZ0PILTiKQjF1FuXtsyUVSTDPvzbyZo20tbutpcXNkVybZ5bfzFJ6pHiA-qN4bD62uy-z5ofCTdj61mF630_07KNTLvrYDokGJMmbUo7RCQLDDYACMR4AIRBnA6j1eC40ZozLK5BE8epUM-3wBm_g2VA:1porSw:az8siTHkJHjjx1hNzCHEmuSYXQov8Y7q0OTHZV30dOw", "expire_date": "2023-05-02T19:58:14.901Z"}}, {"model": "sessions.session", "pk": "m08g3lm5juf2792ugraplljp362b8jqg", "fields": {"session_data": ".eJxVjDsOwyAQRO9CHSHAi2FTpvcZ0PILTiKQjF1FuXtsyUVSTDPvzbyZo20tbutpcXNkVybZ5bfzFJ6pHiA-qN4bD62uy-z5ofCTdj61mF630_07KNTLvrYDokGJMmbUo7RCQLDDYACMR4AIRBnA6j1eC40ZozLK5BE8epUM-3wBm_g2VA:1pjfmz:4iDMZwECNqs7mRQRa6EVeWSUgI7_r_sVV0DTcrCKiok", "expire_date": "2023-04-18T12:29:29.703Z"}}, {"model": "sessions.session", "pk": "m3k8zywq2j696o2muj41uumod6zsq5e5", "fields": {"session_data": ".eJxVjDsOwyAQRO9CHSHAi2FTpvcZ0PILTiKQjF1FuXtsyUVSTDPvzbyZo20tbutpcXNkVybZ5bfzFJ6pHiA-qN4bD62uy-z5ofCTdj61mF630_07KNTLvrYDokGJMmbUo7RCQLDDYACMR4AIRBnA6j1eC40ZozLK5BE8epUM-3wBm_g2VA:1pik5k:0s79R4go9bA6f5jCGuSo9D2DxuXPXG1NkhCDhC2zZSo", "expire_date": "2023-04-15T22:53:00.876Z"}}, {"model": "sessions.session", "pk": "mxxgdwawn4c5czz84z4zy3rrzl7r4ka7", "fields": {"session_data": ".eJxVjDsOwyAQRO9CHSHAi2FTpvcZ0PILTiKQjF1FuXtsyUVSTDPvzbyZo20tbutpcXNkVybZ5bfzFJ6pHiA-qN4bD62uy-z5ofCTdj61mF630_07KNTLvrYDokGJMmbUo7RCQLDDYACMR4AIRBnA6j1eC40ZozLK5BE8epUM-3wBm_g2VA:1qBMpV:1A2JbzSgHMOWmuWeBVArvPZwUBwYs6A5PWRmZUGCsNs", "expire_date": "2023-07-03T21:54:33.823Z"}}, {"model": "sessions.session", "pk": "p2tnddk9vmg06tagjey3hh5rf051qvgj", "fields": {"session_data": ".eJxVjDsOwyAQRO9CHSHAi2FTpvcZ0PILTiKQjF1FuXtsyUVSTDPvzbyZo20tbutpcXNkVybZ5bfzFJ6pHiA-qN4bD62uy-z5ofCTdj61mF630_07KNTLvrYDokGJMmbUo7RCQLDDYACMR4AIRBnA6j1eC40ZozLK5BE8epUM-3wBm_g2VA:1pvKwK:JNSvnHL3e7sELW2Uy--qSLRWXwI3bTrHpEhB3pdYRF0", "expire_date": "2023-05-20T16:39:20.334Z"}}, {"model": "sessions.session", "pk": "sfopns9s837ve24042ujr75q8eyqs60q", "fields": {"session_data": ".eJxVjDsOwyAQRO9CHSHAi2FTpvcZ0PILTiKQjF1FuXtsyUVSTDPvzbyZo20tbutpcXNkVybZ5bfzFJ6pHiA-qN4bD62uy-z5ofCTdj61mF630_07KNTLvrYDokGJMmbUo7RCQLDDYACMR4AIRBnA6j1eC40ZozLK5BE8epUM-3wBm_g2VA:1pdKUX:a60Jicdjxs-Z7sqCM1Ic5BDV6ZiVqPOyANJwV_LweSc", "expire_date": "2023-04-01T00:32:13.789Z"}}, {"model": "sessions.session", "pk": "us9phrzne8xjs4e8nysvsz8d6ftixldu", "fields": {"session_data": ".eJxVjDsOwyAQRO9CHSHAi2FTpvcZ0PILTiKQjF1FuXtsyUVSTDPvzbyZo20tbutpcXNkVybZ5bfzFJ6pHiA-qN4bD62uy-z5ofCTdj61mF630_07KNTLvrYDokGJMmbUo7RCQLDDYACMR4AIRBnA6j1eC40ZozLK5BE8epUM-3wBm_g2VA:1prGSG:k25g4yWTYLtz8tqA4zEDwkqhjGDsFl4oh2qDIwvQ6Lo", "expire_date": "2023-05-09T11:03:28.060Z"}}, {"model": "sessions.session", "pk": "uw1junmhgv885hd9p8vfhfd08vdvmgbk", "fields": {"session_data": ".eJxVjDsOwyAQRO9CHSHAi2FTpvcZ0PILTiKQjF1FuXtsyUVSTDPvzbyZo20tbutpcXNkVybZ5bfzFJ6pHiA-qN4bD62uy-z5ofCTdj61mF630_07KNTLvrYDokGJMmbUo7RCQLDDYACMR4AIRBnA6j1eC40ZozLK5BE8epUM-3wBm_g2VA:1qBNxW:4SvL0LNHReTcqeFMWwK4uWJHYYNluGgP_SJCXbPqUjc", "expire_date": "2023-07-03T23:06:54.893Z"}}, {"model": "sessions.session", "pk": "vffvfxp4bmun0zf1ke6b4b3ld1widgbo", "fields": {"session_data": ".eJxVjDsOwyAQRO9CHSHAi2FTpvcZ0PILTiKQjF1FuXtsyUVSTDPvzbyZo20tbutpcXNkVybZ5bfzFJ6pHiA-qN4bD62uy-z5ofCTdj61mF630_07KNTLvrYDokGJMmbUo7RCQLDDYACMR4AIRBnA6j1eC40ZozLK5BE8epUM-3wBm_g2VA:1poMjN:WbqbmEJHb3IWIaJORHCU1bzrUQzAm_-Kq8t7JyHqj9o", "expire_date": "2023-05-01T11:09:09.105Z"}}, {"model": "sessions.session", "pk": "x6kw392p121uktz4te80l6a89jy6t0ui", "fields": {"session_data": ".eJxVjDsOwyAQRO9CHSHAi2FTpvcZ0PILTiKQjF1FuXtsyUVSTDPvzbyZo20tbutpcXNkVybZ5bfzFJ6pHiA-qN4bD62uy-z5ofCTdj61mF630_07KNTLvrYDokGJMmbUo7RCQLDDYACMR4AIRBnA6j1eC40ZozLK5BE8epUM-3wBm_g2VA:1poO05:duUzw4v8ldz-6aJdcHuOTGaKvXHbJNt-ssdTx9h9XdQ", "expire_date": "2023-05-01T12:30:29.341Z"}}, {"model": "sessions.session", "pk": "yxkirxu9eav9abp882aevsw7y3972br4", "fields": {"session_data": ".eJxVjDsOwyAQRO9CHSHAi2FTpvcZ0PILTiKQjF1FuXtsyUVSTDPvzbyZo20tbutpcXNkVybZ5bfzFJ6pHiA-qN4bD62uy-z5ofCTdj61mF630_07KNTLvrYDokGJMmbUo7RCQLDDYACMR4AIRBnA6j1eC40ZozLK5BE8epUM-3wBm_g2VA:1poOId:1qtFSiWapFGJBSYrStUr3hm_mWtHedFFMcFCPxP8l5Q", "expire_date": "2023-05-01T12:49:39.895Z"}}, {"model": "apps.post", "pk": 1, "fields": {"created_at": "2023-03-12T11:28:14.473Z", "updated_at": "2023-03-12T11:28:14.473Z", "content": "Hello les gars et les go", "owner": 1}}, {"model": "apps.post", "pk": 2, "fields": {"created_at": "2023-03-12T11:29:18.641Z", "updated_at": "2023-03-12T11:29:18.641Z", "content": "Hello les gars et les go", "owner": 1}}, {"model": "apps.post", "pk": 3, "fields": {"created_at": "2023-03-12T11:34:14.009Z", "updated_at": "2023-03-12T11:34:14.009Z", "content": "Hello les gars", "owner": 1}}, {"model": "apps.post", "pk": 4, "fields": {"created_at": "2023-03-12T21:59:11.059Z", "updated_at": "2023-03-13T18:06:30.178Z", "content": "hello refactoring post", "owner": 1}}, {"model": "apps.post", "pk": 5, "fields": {"created_at": "2023-03-13T20:40:25.749Z", "updated_at": "2023-03-13T20:40:25.749Z", "content": "Hell", "owner": 1}}, {"model": "apps.post", "pk": 6, "fields": {"created_at": "2023-03-13T20:40:48.393Z", "updated_at": "2023-03-13T20:51:58.871Z", "content": "Hell", "owner": 1}}, {"model": "apps.post", "pk": 7, "fields": {"created_at": "2023-03-13T20:41:12.934Z", "updated_at": "2023-03-13T20:52:18.611Z", "content": "J'aime le football", "owner": 1}}, {"model": "apps.media", "pk": 1, "fields": {"post": 2, "image": "images/post/aa113b2b32701b8405b36fec112b9e0e_mTW1uqN.jpeg", "created_at": "2023-03-12T11:29:18.643Z"}}, {"model": "apps.media", "pk": 2, "fields": {"post": 2, "image": "images/post/téléchargement_C6D2TRv.jpeg", "created_at": "2023-03-12T11:29:18.644Z"}}, {"model": "apps.media", "pk": 3, "fields": {"post": 3, "image": "images/post/IMG_20220923_125326_130_1HhPUJA.jpg", "created_at": "2023-03-12T11:34:14.012Z"}}, {"model": "apps.media", "pk": 4, "fields": {"post": 3, "image": "", "created_at": "2023-03-12T11:34:14.013Z"}}, {"model": "apps.media", "pk": 5, "fields": {"post": 6, "image": "images/post/IMG_20221109_063228_295.jpg", "created_at": "2023-03-13T20:40:48.396Z"}}, {"model": "apps.media", "pk": 6, "fields": {"post": 6, "image": "images/post/IMG_20221109_063252_397.jpg", "created_at": "2023-03-13T20:40:48.397Z"}}, {"model": "apps.media", "pk": 7, "fields": {"post": 7, "image": "images/post/IMG_20220923_125326_130_D4jxiBt.jpg", "created_at": "2023-03-13T20:41:12.938Z"}}, {"model": "apps.media", "pk": 8, "fields": {"post": 7, "image": "images/post/IMG_20221010_130656_241.jpg", "created_at": "2023-03-13T20:41:12.942Z"}}, {"model": "apps.comment", "pk": 1, "fields": {"created_at": "2023-03-18T00:32:34.129Z", "updated_at": "2023-03-18T00:32:34.129Z", "post": 7, "content": "My first comment", "owner": 1}}, {"model": "apps.comment", "pk": 2, "fields": {"created_at": "2023-03-18T00:34:54.205Z", "updated_at": "2023-03-18T00:34:54.205Z", "post": 6, "content": "Yes mon type", "owner": 1}}, {"model": "apps.comment", "pk": 3, "fields": {"created_at": "2023-03-18T00:35:48.440Z", "updated_at": "2023-03-18T00:35:48.440Z", "post": 6, "content": "Second comment", "owner": 1}}, {"model": "apps.comment", "pk": 4, "fields": {"created_at": "2023-03-18T00:39:19.075Z", "updated_at": "2023-03-18T00:48:38.326Z", "post": 7, "content": "My last comment is good", "owner": 1}}, {"model": "apps.comment", "pk": 5, "fields": {"created_at": "2023-04-04T21:19:06.473Z", "updated_at": "2023-04-04T21:19:06.474Z", "post": 3, "content": "JE SUIS LA", "owner": 1}}, {"model": "apps.comment", "pk": 6, "fields": {"created_at": "2023-04-27T09:33:12.904Z", "updated_at": "2023-04-27T09:33:12.904Z", "post": 7, "content": "Le commentaire avec ajax", "owner": 1}}, {"model": "apps.comment", "pk": 7, "fields": {"created_at": "2023-04-27T09:33:45.418Z", "updated_at": "2023-04-27T09:33:45.418Z", "post": 6, "content": "Merci", "owner": 1}}, {"model": "apps.comment", "pk": 8, "fields": {"created_at": "2023-04-27T09:39:59.197Z", "updated_at": "2023-04-27T09:39:59.197Z", "post": 7, "content": "Le commentaire avec ajax", "owner": 1}}, {"model": "apps.comment", "pk": 9, "fields": {"created_at": "2023-04-27T09:40:39.416Z", "updated_at": "2023-04-27T09:40:39.416Z", "post": 7, "content": "Le commentaire avec ajax", "owner": 1}}, {"model": "apps.comment", "pk": 10, "fields": {"created_at": "2023-04-27T09:41:29.160Z", "updated_at": "2023-04-27T09:41:29.160Z", "post": 6, "content": "Merci", "owner": 1}}, {"model": "apps.comment", "pk": 11, "fields": {"created_at": "2023-04-27T09:41:35.825Z", "updated_at": "2023-04-27T09:41:35.825Z", "post": 6, "content": "Hello", "owner": 1}}, {"model": "apps.comment", "pk": 12, "fields": {"created_at": "2023-04-27T09:42:25.609Z", "updated_at": "2023-04-27T09:42:25.609Z", "post": 6, "content": "Hello", "owner": 1}}, {"model": "apps.comment", "pk": 13, "fields": {"created_at": "2023-05-02T16:03:39.746Z", "updated_at": "2023-05-02T16:03:39.746Z", "post": 6, "content": "Comment with notification", "owner": 1}}, {"model": "apps.comment", "pk": 14, "fields": {"created_at": "2023-05-07T23:33:12.173Z", "updated_at": "2023-05-07T23:33:12.173Z", "post": 6, "content": "Yes websocket", "owner": 1}}, {"model": "apps.likepost", "pk": 10, "fields": {"post": 5, "owner": 1, "created_at": "2023-04-03T11:29:27.947Z"}}, {"model": "apps.likepost", "pk": 11, "fields": {"post": 2, "owner": 1, "created_at": "2023-04-03T11:29:30.517Z"}}, {"model": "apps.likepost", "pk": 25, "fields": {"post": 1, "owner": 1, "created_at": "2023-04-04T13:39:13.421Z"}}, {"model": "apps.likepost", "pk": 80, "fields": {"post": 6, "owner": 1, "created_at": "2023-04-22T11:18:18.310Z"}}, {"model": "apps.likepost", "pk": 87, "fields": {"post": 7, "owner": 1, "created_at": "2023-05-15T16:12:15.118Z"}}, {"model": "apps.likepost", "pk": 88, "fields": {"post": 7, "owner": 2, "created_at": "2023-05-15T16:12:21.547Z"}}, {"model": "apps.likecomment", "pk": 45, "fields": {"comment": 3, "owner": 1, "created_at": "2023-04-22T11:20:12.712Z"}}, {"model": "apps.likecomment", "pk": 46, "fields": {"comment": 5, "owner": 1, "created_at": "2023-04-22T11:20:23.506Z"}}, {"model": "apps.likecomment", "pk": 54, "fields": {"comment": 13, "owner": 1, "created_at": "2023-05-07T23:37:55.764Z"}}, {"model": "apps.likecomment", "pk": 55, "fields": {"comment": 14, "owner": 1, "created_at": "2023-05-07T23:38:07.191Z"}}, {"model": "apps.likecomment", "pk": 56, "fields": {"comment": 11, "owner": 1, "created_at": "2023-05-07T23:38:37.762Z"}}, {"model": "apps.likecomment", "pk": 63, "fields": {"comment": 4, "owner": 1, "created_at": "2023-05-15T16:05:27.068Z"}}, {"model": "apps.likecomment", "pk": 66, "fields": {"comment": 9, "owner": 1, "created_at": "2023-05-18T15:33:44.707Z"}}, {"model": "apps.likecomment", "pk": 67, "fields": {"comment": 8, "owner": 1, "created_at": "2023-05-18T16:03:47.515Z"}}, {"model": "apps.notification", "pk": 37, "fields": {"user": 2, "action": "like", "read": false, "created": "2023-05-15T16:07:12.675Z", "updated": "2023-05-15T16:07:12.675Z", "content_type": 7, "object_id": 7}}, {"model": "apps.notification", "pk": 38, "fields": {"user": 1, "action": "unlike", "read": false, "created": "2023-05-15T16:07:21.252Z", "updated": "2023-05-15T16:07:21.253Z", "content_type": 9, "object_id": 8}}, {"model": "apps.notification", "pk": 39, "fields": {"user": 1, "action": "unlike", "read": false, "created": "2023-05-15T16:11:54.303Z", "updated": "2023-05-15T16:11:54.303Z", "content_type": 9, "object_id": 9}}, {"model": "apps.notification", "pk": 40, "fields": {"user": 2, "action": "unlike", "read": true, "created": "2023-05-15T16:12:03.881Z", "updated": "2023-05-18T16:03:13.966Z", "content_type": 7, "object_id": 7}}, {"model": "apps.notification", "pk": 41, "fields": {"user": 1, "action": "like", "read": false, "created": "2023-05-15T16:12:15.121Z", "updated": "2023-05-15T16:12:15.121Z", "content_type": 7, "object_id": 7}}, {"model": "apps.notification", "pk": 42, "fields": {"user": 2, "action": "like", "read": true, "created": "2023-05-15T16:12:21.550Z", "updated": "2023-05-18T16:03:39.732Z", "content_type": 7, "object_id": 7}}, {"model": "apps.notification", "pk": 43, "fields": {"user": 1, "action": "like", "read": true, "created": "2023-05-18T15:33:44.713Z", "updated": "2023-05-18T16:03:07.153Z", "content_type": 9, "object_id": 9}}, {"model": "apps.notification", "pk": 44, "fields": {"user": 1, "action": "like", "read": true, "created": "2023-05-18T16:03:47.518Z", "updated": "2023-05-18T16:03:54.032Z", "content_type": 9, "object_id": 8}}]